file,size_kb,status
01-dedication.md,0.0,done
02-prologue.md,34.3,done
03-the-outrage.md,15.7,done
04-citizen-deputy.md,11.2,done
05-hospitality.md,9.1,done
06-the-faithful-house-dog.md,4.2,done
07-a-day-in-the-woods.md,14.6,done
08-the-scarlet-pimpernel.md,11.6,done
09-a-warning.md,5.7,done
10-anne-mie.md,11.3,done
11-jealousy.md,4.0,done
12-denunciation.md,11.7,done
13-vengeance-is-mine.md,16.7,done
14-the-sword-of-damocles.md,22.9,done
15-tangled-meshes.md,7.8,done
16-a-happy-moment.md,7.7,done
17-detected.md,14.3,done
18-under-arrest.md,9.5,done
19-atonement.md,7.7,done
20-in-the-luxembourg-prison.md,6.8,done
21-complexities.md,9.3,done
22-the-cheval-borgne.md,13.7,done
23-a-jacobin-orator.md,13.6,done
24-the-close-of-day.md,12.4,done
25-justice.md,8.6,done
26-the-trial-of-juliette.md,11.0,done
27-the-defence.md,17.8,done
28-sentence-of-death.md,4.8,done
29-the-fructidor-riots.md,10.1,done
30-the-unexpected.md,13.1,done
31-p-re-lachaise.md,14.6,done
32-conclusion.md,6.2,done
